{
 "source_0": {
  "mean_abs_error": {
   "mean": 8.5498628616333,
   "median": 8.929535717964173,
   "std": 6.767184281131401,
   "min": 1.9201260805130005,
   "max": 34.11528396606445
  },
  "mean_squared_error": {
   "mean": 150.98561096191406,
   "median": 261.18776428222657,
   "std": 483.15940372365003,
   "min": 8.839040756225586,
   "max": 2522.94970703125
  },
  "euclidian_distance": {
   "mean": 515.49462890625,
   "median": 545.4661059570312,
   "std": 402.68751388283215,
   "min": 124.72654724121094,
   "max": 2107.223876953125
  },
  "manhattan_distance": {
   "mean": 15047.7578125,
   "median": 15715.9827734375,
   "std": 11910.244129630084,
   "min": 3379.421875,
   "max": 60042.8984375
  }
 },
 "source_1": {
  "mean_abs_error": {
   "mean": 6.121069431304932,
   "median": 5.613039145469665,
   "std": 3.762118065426154,
   "min": 1.2014377117156982,
   "max": 19.355188369750977
  },
  "mean_squared_error": {
   "mean": 73.00839233398438,
   "median": 97.80577751159667,
   "std": 131.1431969909434,
   "min": 4.214975357055664,
   "max": 607.0090942382812
  },
  "euclidian_distance": {
   "mean": 358.461669921875,
   "median": 352.0728759765625,
   "std": 219.50596459477111,
   "min": 86.1298828125,
   "max": 1033.603515625
  },
  "manhattan_distance": {
   "mean": 10773.08203125,
   "median": 9878.94888671875,
   "std": 6621.327993221996,
   "min": 2114.5302734375,
   "max": 34065.1328125
  }
 },
 "source_2": {
  "mean_abs_error": {
   "mean": 4.914011001586914,
   "median": 6.49867000579834,
   "std": 4.834261540589565,
   "min": 2.1243228912353516,
   "max": 21.510879516601562
  },
  "mean_squared_error": {
   "mean": 66.09149169921875,
   "median": 136.00492568969727,
   "std": 235.14560431092497,
   "min": 13.213233947753906,
   "max": 970.0176391601562
  },
  "euclidian_distance": {
   "mean": 341.0586853027344,
   "median": 397.63854064941404,
   "std": 285.04781143311084,
   "min": 152.49685668945312,
   "max": 1306.6104736328125
  },
  "manhattan_distance": {
   "mean": 8648.6591796875,
   "median": 11437.65923828125,
   "std": 8508.300316176756,
   "min": 3738.80810546875,
   "max": 37859.1484375
  }
 },
 "source_3": {
  "mean_abs_error": {
   "mean": 7.883873462677002,
   "median": 8.115148677825928,
   "std": 4.264227426832804,
   "min": 2.6817378997802734,
   "max": 20.894712448120117
  },
  "mean_squared_error": {
   "mean": 101.76075744628906,
   "median": 182.62384223937988,
   "std": 216.53508200614735,
   "min": 24.751684188842773,
   "max": 897.2238159179688
  },
  "euclidian_distance": {
   "mean": 423.2008361816406,
   "median": 501.1009851074219,
   "std": 265.17117539678077,
   "min": 208.71743774414062,
   "max": 1256.6279296875
  },
  "manhattan_distance": {
   "mean": 13875.6171875,
   "median": 14282.66185546875,
   "std": 7505.040491578214,
   "min": 4719.85888671875,
   "max": 36774.6953125
  }
 },
 "source_4": {
  "mean_abs_error": {
   "mean": 2.2547779083251953,
   "median": 3.2697416973114013,
   "std": 2.5799284588838005,
   "min": 0.7029159665107727,
   "max": 11.173110961914062
  },
  "mean_squared_error": {
   "mean": 17.767807006835938,
   "median": 39.01708306312561,
   "std": 67.10949041369389,
   "min": 2.1273670196533203,
   "max": 302.5331115722656
  },
  "euclidian_distance": {
   "mean": 176.83705139160156,
   "median": 210.24211181640624,
   "std": 156.42353254295526,
   "min": 61.18959045410156,
   "max": 729.6973876953125
  },
  "manhattan_distance": {
   "mean": 3968.4091796875,
   "median": 5754.745336914062,
   "std": 4540.674076926569,
   "min": 1237.132080078125,
   "max": 19664.67578125
  }
 },
 "source_5": {
  "mean_abs_error": {
   "mean": 0.8180172443389893,
   "median": 0.8868724526604638,
   "std": 0.6627399187627337,
   "min": 0.001207787892781198,
   "max": 3.067235231399536
  },
  "mean_squared_error": {
   "mean": 2.0824906826019287,
   "median": 3.120346358482784,
   "std": 3.7015351402488297,
   "min": 6.195318565005437e-05,
   "max": 15.389933586120605
  },
  "euclidian_distance": {
   "mean": 60.5407600402832,
   "median": 62.25465506076813,
   "std": 40.2015877639917,
   "min": 0.330208420753479,
   "max": 164.57911682128906
  },
  "manhattan_distance": {
   "mean": 1439.7103271484375,
   "median": 1560.8955101394654,
   "std": 1166.422248763356,
   "min": 2.125706672668457,
   "max": 5398.333984375
  }
 }
}